user10,1234567,1
user11,1234567,1
user12,1234567,1
user13,1234567,1
user14,1234567,1
user15,1234567,1
user16,1234567,1
user17,1234567,1
user18,1234567,1
user19,1234567,1
user20,1234567,1
user21,1234567,1
user22,1234567,1
user23,1234567,1
user24,1234567,2
user25,1234567,2
user26,1234567,2
user27,1234567,2
user28,1234567,2
user29,1234567,2
user30,1234567,2
user31,1234567,2
user32,1234567,2
user33,1234567,2
user34,1234567,2
user35,1234567,2
user36,1234567,2
user37,1234567,2
user38,1234567,2
user39,1234567,2
